{"cameraMode":{"drawMode":0,"name":"Shaded","section":"Shading Mode"},"sceneLighting":true,"audioPlay":false,"sceneViewState":{"m_AlwaysRefresh":false,"showFog":true,"showSkybox":true,"showFlares":true,"showImageEffects":true,"showParticleSystems":true,"showVisualEffectGraphs":true,"m_FxEnabled":true},"in2DMode":false,"pivot":{"x":2.9067583084106447,"y":15.348742485046387,"z":12.550640106201172},"rotation":{"x":0.06913542002439499,"y":-0.2458072304725647,"z":0.017587892711162568,"w":0.9666978716850281},"size":8.231489181518555,"orthographic":false}