{"cameraMode":{"drawMode":0,"name":"Shaded","section":"Shading Mode"},"sceneLighting":false,"audioPlay":false,"sceneViewState":{"m_AlwaysRefresh":false,"showFog":true,"showSkybox":true,"showFlares":true,"showImageEffects":true,"showParticleSystems":true,"showVisualEffectGraphs":true,"m_FxEnabled":true},"in2DMode":false,"pivot":{"x":0.14050674438476563,"y":0.5270648002624512,"z":-0.486419677734375},"rotation":{"x":0.2827659249305725,"y":0.36068692803382876,"z":-0.11573686450719834,"w":0.8812233805656433},"size":26.737003326416017,"orthographic":false}