{"cameraMode":{"drawMode":0,"name":"Shaded","section":"Shading Mode"},"sceneLighting":false,"audioPlay":false,"sceneViewState":{"m_AlwaysRefresh":false,"showFog":true,"showSkybox":false,"showFlares":true,"showImageEffects":true,"showParticleSystems":true,"showVisualEffectGraphs":true,"m_FxEnabled":true},"in2DMode":false,"pivot":{"x":-1.1635994911193848,"y":2.9000000953674318,"z":-1.946303367614746},"rotation":{"x":0.15448619425296784,"y":0.35707446932792666,"z":-0.06000847741961479,"w":0.9192565679550171},"size":0.8660253882408142,"orthographic":false}